﻿<?xml version="1.0" encoding="utf-8"?>
<Package xmlns="http://schemas.microsoft.com/appx/2010/manifest" xmlns:build="http://schemas.microsoft.com/developer/appx/2012/build" IgnorableNamespaces="build">
  <!--
    THIS PACKAGE MANIFEST FILE IS GENERATED BY THE BUILD PROCESS.

    Changes to this file will be lost when it is regenerated. To correct errors in this file, edit the source .appxmanifest file.

    For more information on package manifest files, see http://go.microsoft.com/fwlink/?LinkID=241727
  -->
  <Identity Name="50153Sapph.KeepItSafe" Publisher="CN=73C87258-DFC7-4BE3-B916-E38A61193B82" Version="2.4.1.1" ProcessorArchitecture="neutral" />
  <Properties>
    <DisplayName>ms-resource:DisplayName</DisplayName>
    <PublisherDisplayName>Sapph</PublisherDisplayName>
    <Logo>Assets\StoreLogo.png</Logo>
  </Properties>
  <Prerequisites>
    <OSMinVersion>6.2.1</OSMinVersion>
    <OSMaxVersionTested>6.2.1</OSMaxVersionTested>
  </Prerequisites>
  <Resources>
    <Resource Language="EN-US" />
  </Resources>
  <Applications>
    <Application Id="App" Executable="PassKeep.exe" EntryPoint="KeepItSafe.app">
      <VisualElements DisplayName="ms-resource:AppDisplayName" Logo="Assets\Logo.png" SmallLogo="Assets\SmallLogo.png" Description="ms-resource:AppDescription" ForegroundText="light" BackgroundColor="#3D0087" ToastCapable="false">
        <DefaultTile ShowName="allLogos" ShortName="ms-resource:ShortName" />
        <SplashScreen Image="Assets\SplashScreen.png" />
        <InitialRotationPreference>
          <Rotation Preference="portrait" />
          <Rotation Preference="landscape" />
          <Rotation Preference="portraitFlipped" />
          <Rotation Preference="landscapeFlipped" />
        </InitialRotationPreference>
      </VisualElements>
      <Extensions>
        <Extension Category="windows.search" />
        <Extension Category="windows.fileTypeAssociation" Executable="PassKeep.exe" EntryPoint="PassKeep.App">
          <FileTypeAssociation Name="kdbx">
            <DisplayName>KeePass 2.x Database</DisplayName>
            <Logo>Assets\FileOpenLogo.png</Logo>
            <EditFlags OpenIsSafe="true" />
            <SupportedFileTypes>
              <FileType ContentType="application/vnd.keepass">.kdbx</FileType>
            </SupportedFileTypes>
          </FileTypeAssociation>
        </Extension>
      </Extensions>
    </Application>
  </Applications>
  <build:Metadata>
    <build:Item Name="TargetFrameworkMoniker" Value=".NETCore,Version=v4.5" />
    <build:Item Name="VisualStudio" Version="11.0" />
    <build:Item Name="OperatingSystem" Version="6.2.9200.16384 (win8_rtm.120725-1247)" />
    <build:Item Name="Microsoft.Build.AppxPackage.dll" Version="11.0.50727.1" />
    <build:Item Name="Microsoft.Windows.UI.Xaml.Build.Tasks.dll" Version="11.0.50727.1" />
    <build:Item Name="MakePri.exe" Version="6.2.9200.16384 (win8_rtm.120725-1247)" />
  </build:Metadata>
</Package>