﻿<?xml version="1.0" encoding="utf-8"?>
<?xml-stylesheet type='text/xsl' href='C:\ProgramData\Windows App Certification Kit\results.xsl'?>
<REPORT OVERALL_RESULT="PASS" VERSION="2.2" LATEST_VERSION="TRUE" UPDATE_DOWNLOAD_URL="" TOOLSET_ARCHITECTURE="X64" SecureBoot="FALSE" APP_TYPE="WindowsStore" PUBLISHER_DISPLAY_NAME="Sapph" OSVERSION="6.2.9200.0" OS="Microsoft Windows 8 Pro" PER_USER_APPLICATION="" PARTIAL_RUN="FALSE" LCID="1033" VALIDATION_TYPE="CommandLine" ReportGenerationTime="5/22/2013 1:08:44 AM" ID="0c7d3ab166a082b1bc9366ff29a7c198">
  <REQUIREMENTS>
    <REQUIREMENT NUMBER="1" TITLE="Clean reversible install test" RATIONALE="A clean, reversible, installation allows users to successfully manage (deploy, and remove) applications on their system." />
    <REQUIREMENT NUMBER="2" TITLE="Install to the correct folders test" RATIONALE="Windows provides specific locations in the file system to store programs and software components, shared application data, and application data specific to a user." />
    <REQUIREMENT NUMBER="3" TITLE="Digitally signed file test" RATIONALE="An Authenticode digital signature allows users to be sure that the software is genuine. It also allows detection if a file has been tampered with e.g. infected by a virus." />
    <REQUIREMENT NUMBER="4" TITLE="Support x64 Windows test" RATIONALE="To maintain compatibility with 64-bit versions of Windows, it is necessary that applications should natively support 64-bit or at minimum 32-bit Windows based applications to run seamlessly on 64-bit." />
    <REQUIREMENT NUMBER="5" TITLE="OS version checking test" RATIONALE="Applications must not perform version checks for equality (== 5.1). If you need a specific feature, check whether the feature is available. If you need Windows XP, check for Windows XP or later (&gt;= 5.1), This way, your detection code will continue to work on future versions of Windows. Driver installers and uninstall modules should never check the OS version." />
    <REQUIREMENT NUMBER="6" TITLE="User account control (UAC) test" RATIONALE="Most applications do not require administrator privileges at run time, and should be just fine running as a standard-user. Windows applications must have a manifest (embedded or external) to define its execution level that tells OS the privileges needed to run the application." />
    <REQUIREMENT NUMBER="7" TITLE="Adhere to system restart manager messages" RATIONALE="In a critical shutdown, applications that return FALSE to WM_QUERYENDSESSION will be sent WM_ENDSESSION and closed, while those that time out in response to WM_QUERYENDSESSION will be terminated." />
    <REQUIREMENT NUMBER="8" TITLE="Safe mode test" RATIONALE="By default, most drivers and services that did not come preinstalled with Windows are not started in Safe Mode. They should remain disabled unless they are needed for basic operations of the system or for diagnostic and recovery purposes." />
    <REQUIREMENT NUMBER="9" TITLE="Multiuser session test" RATIONALE="Windows users should be able to run concurrent sessions without conflict or disruption.  Applications must ensure that when running in multiple sessions either locally or remotely, the normal functionality of the application should not be impacted. Application settings and data files should not be persisted across users. A user’s privacy and preferences should be isolated to the user’s session." />
    <REQUIREMENT NUMBER="10" TITLE="Crashes and hangs test" RATIONALE="Application failures such as crashes and hangs are a major disruption to users and cause frustration. Eliminating such failures improves application stability and reliability, and overall, provides users with a better application experience.">
      <TEST INDEX="47" NAME="App launch tests" DESCRIPTION="App launch tests." EXECUTIONTIME="00h:00m:21s.59ms">
        <RESULT><![CDATA[PASS]]></RESULT>
        <MESSAGES />
      </TEST>
      <TEST INDEX="21" NAME="Crashes and hangs" DESCRIPTION="Do not crash or hang during the testing process." EXECUTIONTIME="00h:00m:03s.89ms">
        <RESULT><![CDATA[PASS]]></RESULT>
        <MESSAGES />
      </TEST>
    </REQUIREMENT>
    <REQUIREMENT NUMBER="11" TITLE="Compatibility and resiliency test" RATIONALE="When Windows detects that an application has operated in an incompatible manner, it applies a compatibility fix that causes the application to behave correctly, ensuring a positive user experience. Applications should not rely on this behavior since it is only provided to allow legacy applications to work correctly on Windows." />
    <REQUIREMENT NUMBER="12" TITLE="App manifest compliance test" RATIONALE="The package manifest was missing one or more required attributes.">
      <TEST INDEX="31" NAME="App manifest" DESCRIPTION="App manifest must include valid entries for all required fields." EXECUTIONTIME="00h:00m:02s.04ms">
        <RESULT><![CDATA[PASS]]></RESULT>
        <MESSAGES />
      </TEST>
    </REQUIREMENT>
    <REQUIREMENT NUMBER="13" TITLE="Windows security best practices test" RATIONALE="An application should not change the default Windows security settings." />
    <REQUIREMENT NUMBER="14" TITLE="Windows security features test" RATIONALE="Applications must opt-into Windows security features.">
      <TEST INDEX="33" NAME="Binary analyzer" DESCRIPTION="Analysis of security features enabled on binaries" EXECUTIONTIME="00h:00m:01s.48ms">
        <RESULT><![CDATA[PASS]]></RESULT>
        <MESSAGES />
      </TEST>
      <TEST INDEX="62" NAME="Private Code Signing" DESCRIPTION="App should not package private code signing key files." EXECUTIONTIME="00h:00m:01s.06ms">
        <RESULT><![CDATA[PASS]]></RESULT>
        <MESSAGES />
      </TEST>
    </REQUIREMENT>
    <REQUIREMENT NUMBER="15" TITLE="Supported API test" RATIONALE="The application should only refer to the APIs allowed by the Windows SDK for Windows Store Apps.">
      <TEST INDEX="38" NAME="Supported APIs" DESCRIPTION="Windows Store App must only use supported platform APIs." EXECUTIONTIME="00h:00m:02s.53ms">
        <RESULT><![CDATA[PASS]]></RESULT>
        <MESSAGES />
      </TEST>
    </REQUIREMENT>
    <REQUIREMENT NUMBER="17" TITLE="Performance test" RATIONALE="The application should have a fast and responsive launch and suspend experience while consuming a reasonable amount of system resources (CPU, File IO, Memory etc.) to enable fast switching and multitasking between previously unopened applications.">
      <TEST INDEX="50" NAME="Bytecode generation" DESCRIPTION="Byte code generation should be able to complete successfully for packages containing an HTML5 Windows Store app." EXECUTIONTIME="00h:00m:01s.22ms">
        <RESULT><![CDATA[PASS]]></RESULT>
        <MESSAGES />
      </TEST>
      <TEST INDEX="60" NAME="Optimized Binding References" DESCRIPTION="When using bindings, WinJS.Binding.optimizeBindingReferences should be set to true to optimize the memory usage." EXECUTIONTIME="00h:00m:01s.31ms">
        <RESULT><![CDATA[PASS]]></RESULT>
        <MESSAGES />
      </TEST>
      <TEST INDEX="43" NAME="Performance launch" DESCRIPTION="Application should have a responsive launch time with reasonable CPU, File IO and Memory usage" EXECUTIONTIME="00h:01m:11s.22ms">
        <RESULT><![CDATA[PASS]]></RESULT>
        <MESSAGES />
      </TEST>
      <TEST INDEX="44" NAME="Performance suspend" DESCRIPTION="Application should have a responsive suspend with reasonable CPU and File IO usage" EXECUTIONTIME="00h:01m:14s.08ms">
        <RESULT><![CDATA[PASS]]></RESULT>
        <MESSAGES />
      </TEST>
    </REQUIREMENT>
    <REQUIREMENT NUMBER="19" TITLE="App manifest resources test" RATIONALE="The Appx Package Manifest should have valid resources defined in the resources.pri file, as per the Appx Packaging Specification and Appx Manifest Schema.">
      <TEST INDEX="45" NAME="App resources validation" DESCRIPTION="The package should have valid resources defined in the resources.pri file." EXECUTIONTIME="00h:00m:00s.59ms">
        <RESULT><![CDATA[PASS]]></RESULT>
        <MESSAGES />
      </TEST>
      <TEST INDEX="61" NAME="Branding validation" DESCRIPTION="App should not use the default images packed by windows SDK samples or Visual Studio." EXECUTIONTIME="00h:00m:01s.88ms">
        <RESULT><![CDATA[PASS]]></RESULT>
        <MESSAGES />
      </TEST>
    </REQUIREMENT>
    <REQUIREMENT NUMBER="20" TITLE="Debug configuration test" RATIONALE="The App should not install any debug binaries.">
      <TEST INDEX="46" NAME="Debug configuration" DESCRIPTION="The App should not install any debug binaries." EXECUTIONTIME="00h:00m:02s.04ms">
        <RESULT><![CDATA[PASS]]></RESULT>
        <MESSAGES />
      </TEST>
    </REQUIREMENT>
    <REQUIREMENT NUMBER="21" TITLE="File encoding" RATIONALE="Packages containing an HTML5 Windows Store app must have correct file encoding.">
      <TEST INDEX="49" NAME="UTF-8 file encoding" DESCRIPTION="Packages containing an HTML5 Windows Store app must have correct file encoding." EXECUTIONTIME="00h:00m:01s.21ms">
        <RESULT><![CDATA[PASS]]></RESULT>
        <MESSAGES />
      </TEST>
    </REQUIREMENT>
    <REQUIREMENT NUMBER="22" TITLE="Direct3D feature level support" RATIONALE="Applications must render content on Direct3D feature level 9.1 hardware.">
      <TEST INDEX="51" NAME="Direct3D feature level support" DESCRIPTION="Applications must render content on Direct3D feature level 9.1 hardware." EXECUTIONTIME="00h:00m:01s.99ms">
        <RESULT><![CDATA[PASS]]></RESULT>
        <MESSAGES />
      </TEST>
    </REQUIREMENT>
    <REQUIREMENT NUMBER="23" TITLE="App Capabilities test" RATIONALE="Packages declaring special-use capabilities will have to provide justifications during the onboarding process.">
      <TEST INDEX="52" NAME="Special Use Capabilities" DESCRIPTION="Packages declaring special-use capabilities will have to provide justifications during the onboarding process." EXECUTIONTIME="00h:00m:01s.20ms">
        <RESULT><![CDATA[PASS]]></RESULT>
        <MESSAGES />
      </TEST>
    </REQUIREMENT>
    <REQUIREMENT NUMBER="24" TITLE="Windows Runtime metadata validation" RATIONALE="Metadata needs to be conformant and consistent across all generation sources.">
      <TEST INDEX="56" NAME="ExclusiveTo attribute test" DESCRIPTION="A class must not implement an interface that is marked ExclusiveTo another class." EXECUTIONTIME="00h:00m:00s.95ms">
        <RESULT><![CDATA[PASS]]></RESULT>
        <MESSAGES />
      </TEST>
      <TEST INDEX="57" NAME="Type location test" DESCRIPTION="Types must be defined in the metadata file with the longest matching namespace." EXECUTIONTIME="00h:00m:00s.57ms">
        <RESULT><![CDATA[PASS]]></RESULT>
        <MESSAGES />
      </TEST>
      <TEST INDEX="55" NAME="Type name case-sensitivity test" DESCRIPTION="Namespace and type names must not vary only by casing." EXECUTIONTIME="00h:00m:00s.57ms">
        <RESULT><![CDATA[PASS]]></RESULT>
        <MESSAGES />
      </TEST>
      <TEST INDEX="54" NAME="Type name correctness test" DESCRIPTION="Only system types can be in the Windows namespace and no types can be in the global namespace." EXECUTIONTIME="00h:00m:00s.57ms">
        <RESULT><![CDATA[PASS]]></RESULT>
        <MESSAGES />
      </TEST>
      <TEST INDEX="58" NAME="General metadata correctness test" DESCRIPTION="Metadata files must meet various requirements in order to be valid and correct." EXECUTIONTIME="00h:00m:00s.96ms">
        <RESULT><![CDATA[PASS]]></RESULT>
        <MESSAGES />
      </TEST>
      <TEST INDEX="53" NAME="Properties test" DESCRIPTION="Write-only and indexer properties may not be used. Corresponding getter and setter methods must match in type." EXECUTIONTIME="00h:00m:00s.57ms">
        <RESULT><![CDATA[PASS]]></RESULT>
        <MESSAGES />
      </TEST>
    </REQUIREMENT>
  </REQUIREMENTS>
  <APPLICATIONS>
    <Installed_Programs>
      <Program Name="50153Sapph.KeepItSafe" Type="Application" Source="AppxPackage" Publisher="CN=73C87258-DFC7-4BE3-B916-E38A61193B82" Version="2.4.1.1" Language="1033" OnSystemDrive="true" RootDirPath="C:\Program Files\WindowsApps\50153Sapph.KeepItSafe_2.4.1.1_neutral__0115r3gdndcwj" PathEvidenceId="0x1976" RNP="0x1" DNP="0xd" EvidenceId="0x1976" Id="0000a96e9fb5b5bf4e8f1e5e1a559a72c69700000904">
        <Indicators>
          <DirectoryIndicators>
            <Directory Name="50153sapph.keepitsafe_2.4.1.1_neutral__0115r3gdndcwj" Path="c:\program files\windowsapps\50153sapph.keepitsafe_2.4.1.1_neutral__0115r3gdndcwj" RNP="0x9" DNP="0xb" UniqueId="0x1977" Id="000059cac028337749d66a3e6162af5ef62fc8d3953b" />
          </DirectoryIndicators>
          <PackageManifestIndicator>
            <PackageManifest PackageFullName="50153sapph.keepitsafe_2.4.1.1_neutral__0115r3gdndcwj" />
            <Identity Name="50153Sapph.KeepItSafe" Publisher="CN=73C87258-DFC7-4BE3-B916-E38A61193B82" Version="2.4.1.1" ProcessorArchitecture="neutral" />
            <Extension Category="windows.search" />
            <Extension Category="windows.fileTypeAssociation" Executable="PassKeep.exe" EntryPoint="PassKeep.App">
              <FileTypeAssociation Name="kdbx">
                <DisplayName>KeePass 2.x Database</DisplayName>
                <Logo>Assets\FileOpenLogo.png</Logo>
                <EditFlags OpenIsSafe="true" />
                <SupportedFileTypes>
                  <FileType ContentType="application/vnd.keepass">.kdbx</FileType>
                </SupportedFileTypes>
              </FileTypeAssociation>
            </Extension>
            <Properties>
              <DisplayName>ms-resource:DisplayName</DisplayName>
              <PublisherDisplayName>Sapph</PublisherDisplayName>
              <Logo>Assets\StoreLogo.png</Logo>
            </Properties>
            <Resources>
              <Resource Language="EN-US" />
            </Resources>
            <Prerequisites>
              <OSMinVersion>6.2.1</OSMinVersion>
              <OSMaxVersionTested>6.2.1</OSMaxVersionTested>
            </Prerequisites>
          </PackageManifestIndicator>
        </Indicators>
        <StaticProperties>
          <Files Id="000022ee08ddba92debae921e7d6de3c92113cd48522">
            <File Name="PassKeep.exe" Id="00000f66b9ca9c0bd8d87e532830da220ff4d4e8b845" ProductName="PassKeep" ProductVersion="1.0.0.0" VerLanguage="0" SwitchBackContext="0x0100000000000602" FileVersion="1.0.0.0" Size="0x40200" SizeOfImage="0x46000" PeHeaderHash="0101532edfcc6e8b3b351484a93354b449b8f142d0af" PeChecksum="0x0" PeImageType="0x14c" PeSubsystem="2" BinProductVersion="1.0.0.0" BinFileVersion="1.0.0.0" FileDescription="PassKeep" InternalName="PassKeep.exe" LegalCopyright="Copyright ©  2012" LinkerVersion="11.0" LinkDate="05/22/2013 08:05:01" BinaryType="DOTNET32" Created="05/22/2013 08:05:11" Modified="05/22/2013 08:05:11" OriginalFilename="PassKeep.exe" RunLevel="AsInvoker" UiAccess="false" Path="c:\program files\windowsapps\50153sapph.keepitsafe_2.4.1.1_neutral__0115r3gdndcwj" RNP="0x4" DNP="0x5" LowerCaseLongPath="c:\program files\windowsapps\50153sapph.keepitsafe_2.4.1.1_neutral__0115r3gdndcwj\passkeep.exe" LongPathHash="00008cf48eee8498fbf48494151f13c71c5d8a5bf7fa" UniqueId="0x1978" />
          </Files>
        </StaticProperties>
      </Program>
    </Installed_Programs>
  </APPLICATIONS>
  <DEPENDENCY_INFORMATION>
    <AitStaticAnalysis ProgramId="0000a96e9fb5b5bf4e8f1e5e1a559a72c69700000904" AnalysisVersion="1.54" DictionaryVersion="1.6" Type="Package" Id="50153Sapph.KeepItSafe_2.4.1.1_neutral__0115r3gdndcwj">
      <AitFile ErrorCode="0" Name="PassKeep.exe" Id="00000f66b9ca9c0bd8d87e532830da220ff4d4e8b845">
        <AitCategory Id="ApiStatic">
          <AitFeature Name="mscoree.dll!_CorExeMain" />
        </AitCategory>
        <AitCategory Id="DotNetWinRt">
          <AitFeature Name="Windows.ApplicationModel.DesignMode" />
          <AitFeature Name="Windows.ApplicationModel.DesignMode.get_DesignModeEnabled" />
          <AitFeature Name="Windows.ApplicationModel.Package" />
          <AitFeature Name="Windows.ApplicationModel.Package.get_Current" />
          <AitFeature Name="Windows.ApplicationModel.Package.get_InstalledLocation" />
          <AitFeature Name="Windows.ApplicationModel.SuspendingDeferral" />
          <AitFeature Name="Windows.ApplicationModel.SuspendingDeferral.Complete" />
          <AitFeature Name="Windows.ApplicationModel.SuspendingEventArgs" />
          <AitFeature Name="Windows.ApplicationModel.SuspendingEventArgs.get_SuspendingOperation" />
          <AitFeature Name="Windows.ApplicationModel.SuspendingOperation" />
          <AitFeature Name="Windows.ApplicationModel.SuspendingOperation.GetDeferral" />
          <AitFeature Name="Windows.ApplicationModel.Activation.ApplicationExecutionState" />
          <AitFeature Name="Windows.ApplicationModel.Activation.FileActivatedEventArgs" />
          <AitFeature Name="Windows.ApplicationModel.Activation.FileActivatedEventArgs.get_Files" />
          <AitFeature Name="Windows.ApplicationModel.Activation.IActivatedEventArgs" />
          <AitFeature Name="Windows.ApplicationModel.Activation.IActivatedEventArgs.get_PreviousExecutionState" />
          <AitFeature Name="Windows.ApplicationModel.Activation.LaunchActivatedEventArgs" />
          <AitFeature Name="Windows.ApplicationModel.Activation.SearchActivatedEventArgs" />
          <AitFeature Name="Windows.ApplicationModel.Activation.SearchActivatedEventArgs.get_QueryText" />
          <AitFeature Name="Windows.ApplicationModel.DataTransfer.Clipboard" />
          <AitFeature Name="Windows.ApplicationModel.DataTransfer.Clipboard.Clear" />
          <AitFeature Name="Windows.ApplicationModel.DataTransfer.Clipboard.SetContent" />
          <AitFeature Name="Windows.ApplicationModel.DataTransfer.DataPackage" />
          <AitFeature Name="Windows.ApplicationModel.DataTransfer.DataPackage..ctor" />
          <AitFeature Name="Windows.ApplicationModel.DataTransfer.DataPackage.SetText" />
          <AitFeature Name="Windows.Foundation.IAsyncAction" />
          <AitFeature Name="Windows.Foundation.IAsyncOperation`1" />
          <AitFeature Name="Windows.Foundation.Point" />
          <AitFeature Name="Windows.Foundation.Point.get_X" />
          <AitFeature Name="Windows.Foundation.Point.get_Y" />
          <AitFeature Name="Windows.Foundation.Rect" />
          <AitFeature Name="Windows.Foundation.Rect..ctor" />
          <AitFeature Name="Windows.Foundation.Rect.get_Bottom" />
          <AitFeature Name="Windows.Foundation.Rect.get_Height" />
          <AitFeature Name="Windows.Foundation.Rect.get_Left" />
          <AitFeature Name="Windows.Foundation.Rect.get_Right" />
          <AitFeature Name="Windows.Foundation.Rect.get_Top" />
          <AitFeature Name="Windows.Foundation.Rect.get_Width" />
          <AitFeature Name="Windows.Foundation.Size" />
          <AitFeature Name="Windows.Foundation.Size..ctor" />
          <AitFeature Name="Windows.Foundation.Size.get_Height" />
          <AitFeature Name="Windows.Foundation.Size.get_Width" />
          <AitFeature Name="Windows.Foundation.TypedEventHandler`2" />
          <AitFeature Name="Windows.Foundation.Collections.CollectionChange" />
          <AitFeature Name="Windows.Foundation.Collections.IMapChangedEventArgs`1" />
          <AitFeature Name="Windows.Foundation.Collections.IObservableMap`2" />
          <AitFeature Name="Windows.Foundation.Collections.IPropertySet" />
          <AitFeature Name="Windows.Foundation.Collections.MapChangedEventHandler`2" />
          <AitFeature Name="Windows.Foundation.Metadata.WebHostHiddenAttribute" />
          <AitFeature Name="Windows.Foundation.Metadata.WebHostHiddenAttribute..ctor" />
          <AitFeature Name="Windows.Security.Cryptography.BinaryStringEncoding" />
          <AitFeature Name="Windows.Security.Cryptography.CryptographicBuffer" />
          <AitFeature Name="Windows.Security.Cryptography.CryptographicBuffer.ConvertStringToBinary" />
          <AitFeature Name="Windows.Security.Cryptography.CryptographicBuffer.CreateFromByteArray" />
          <AitFeature Name="Windows.Security.Cryptography.CryptographicBuffer.DecodeFromBase64String" />
          <AitFeature Name="Windows.Security.Cryptography.CryptographicBuffer.DecodeFromHexString" />
          <AitFeature Name="Windows.Security.Cryptography.CryptographicBuffer.EncodeToBase64String" />
          <AitFeature Name="Windows.Security.Cryptography.CryptographicBuffer.GenerateRandom" />
          <AitFeature Name="Windows.Security.Cryptography.CryptographicBuffer.GenerateRandomNumber" />
          <AitFeature Name="Windows.Security.Cryptography.Core.CryptographicEngine" />
          <AitFeature Name="Windows.Security.Cryptography.Core.CryptographicEngine.Decrypt" />
          <AitFeature Name="Windows.Security.Cryptography.Core.CryptographicEngine.Encrypt" />
          <AitFeature Name="Windows.Security.Cryptography.Core.CryptographicHash" />
          <AitFeature Name="Windows.Security.Cryptography.Core.CryptographicHash.Append" />
          <AitFeature Name="Windows.Security.Cryptography.Core.CryptographicHash.GetValueAndReset" />
          <AitFeature Name="Windows.Security.Cryptography.Core.CryptographicKey" />
          <AitFeature Name="Windows.Security.Cryptography.Core.HashAlgorithmNames" />
          <AitFeature Name="Windows.Security.Cryptography.Core.HashAlgorithmNames.get_Sha256" />
          <AitFeature Name="Windows.Security.Cryptography.Core.HashAlgorithmProvider" />
          <AitFeature Name="Windows.Security.Cryptography.Core.HashAlgorithmProvider.CreateHash" />
          <AitFeature Name="Windows.Security.Cryptography.Core.HashAlgorithmProvider.OpenAlgorithm" />
          <AitFeature Name="Windows.Security.Cryptography.Core.SymmetricAlgorithmNames" />
          <AitFeature Name="Windows.Security.Cryptography.Core.SymmetricAlgorithmNames.get_AesCbcPkcs7" />
          <AitFeature Name="Windows.Security.Cryptography.Core.SymmetricAlgorithmNames.get_AesEcb" />
          <AitFeature Name="Windows.Security.Cryptography.Core.SymmetricKeyAlgorithmProvider" />
          <AitFeature Name="Windows.Security.Cryptography.Core.SymmetricKeyAlgorithmProvider.CreateSymmetricKey" />
          <AitFeature Name="Windows.Security.Cryptography.Core.SymmetricKeyAlgorithmProvider.OpenAlgorithm" />
          <AitFeature Name="Windows.Storage.ApplicationData" />
          <AitFeature Name="Windows.Storage.ApplicationData.get_Current" />
          <AitFeature Name="Windows.Storage.ApplicationData.get_LocalFolder" />
          <AitFeature Name="Windows.Storage.ApplicationData.get_RoamingSettings" />
          <AitFeature Name="Windows.Storage.ApplicationData.get_TemporaryFolder" />
          <AitFeature Name="Windows.Storage.ApplicationDataContainer" />
          <AitFeature Name="Windows.Storage.ApplicationDataContainer.get_Values" />
          <AitFeature Name="Windows.Storage.CreationCollisionOption" />
          <AitFeature Name="Windows.Storage.FileAccessMode" />
          <AitFeature Name="Windows.Storage.IStorageFile" />
          <AitFeature Name="Windows.Storage.IStorageItem" />
          <AitFeature Name="Windows.Storage.StorageFile" />
          <AitFeature Name="Windows.Storage.StorageFile.CopyAndReplaceAsync" />
          <AitFeature Name="Windows.Storage.StorageFile.OpenAsync" />
          <AitFeature Name="Windows.Storage.StorageFile.OpenReadAsync" />
          <AitFeature Name="Windows.Storage.StorageFile.OpenSequentialReadAsync" />
          <AitFeature Name="Windows.Storage.StorageFile.get_Name" />
          <AitFeature Name="Windows.Storage.StorageFolder" />
          <AitFeature Name="Windows.Storage.StorageFolder.CreateFileAsync" />
          <AitFeature Name="Windows.Storage.StorageFolder.GetFileAsync" />
          <AitFeature Name="Windows.Storage.StorageFolder.GetFolderAsync" />
          <AitFeature Name="Windows.Storage.AccessCache.StorageApplicationPermissions" />
          <AitFeature Name="Windows.Storage.AccessCache.StorageApplicationPermissions.get_FutureAccessList" />
          <AitFeature Name="Windows.Storage.AccessCache.StorageApplicationPermissions.get_MostRecentlyUsedList" />
          <AitFeature Name="Windows.Storage.AccessCache.StorageItemAccessList" />
          <AitFeature Name="Windows.Storage.AccessCache.StorageItemAccessList.ContainsItem" />
          <AitFeature Name="Windows.Storage.AccessCache.StorageItemAccessList.Remove" />
          <AitFeature Name="Windows.Storage.AccessCache.StorageItemMostRecentlyUsedList" />
          <AitFeature Name="Windows.Storage.AccessCache.StorageItemMostRecentlyUsedList.AddOrReplace" />
          <AitFeature Name="Windows.Storage.AccessCache.StorageItemMostRecentlyUsedList.ContainsItem" />
          <AitFeature Name="Windows.Storage.AccessCache.StorageItemMostRecentlyUsedList.GetFileAsync" />
          <AitFeature Name="Windows.Storage.Pickers.FileOpenPicker" />
          <AitFeature Name="Windows.Storage.Pickers.FileOpenPicker..ctor" />
          <AitFeature Name="Windows.Storage.Pickers.FileOpenPicker.PickSingleFileAsync" />
          <AitFeature Name="Windows.Storage.Pickers.FileOpenPicker.get_FileTypeFilter" />
          <AitFeature Name="Windows.Storage.Pickers.FileOpenPicker.put_SuggestedStartLocation" />
          <AitFeature Name="Windows.Storage.Pickers.FileOpenPicker.put_ViewMode" />
          <AitFeature Name="Windows.Storage.Pickers.PickerLocationId" />
          <AitFeature Name="Windows.Storage.Pickers.PickerViewMode" />
          <AitFeature Name="Windows.Storage.Streams.ByteOrder" />
          <AitFeature Name="Windows.Storage.Streams.DataReader" />
          <AitFeature Name="Windows.Storage.Streams.DataReader..ctor" />
          <AitFeature Name="Windows.Storage.Streams.DataReader.DetachStream" />
          <AitFeature Name="Windows.Storage.Streams.DataReader.Dispose" />
          <AitFeature Name="Windows.Storage.Streams.DataReader.FromBuffer" />
          <AitFeature Name="Windows.Storage.Streams.DataReader.LoadAsync" />
          <AitFeature Name="Windows.Storage.Streams.DataReader.ReadBuffer" />
          <AitFeature Name="Windows.Storage.Streams.DataReader.ReadByte" />
          <AitFeature Name="Windows.Storage.Streams.DataReader.ReadBytes" />
          <AitFeature Name="Windows.Storage.Streams.DataReader.ReadString" />
          <AitFeature Name="Windows.Storage.Streams.DataReader.ReadUInt16" />
          <AitFeature Name="Windows.Storage.Streams.DataReader.ReadUInt32" />
          <AitFeature Name="Windows.Storage.Streams.DataReader.get_UnconsumedBufferLength" />
          <AitFeature Name="Windows.Storage.Streams.DataReader.put_ByteOrder" />
          <AitFeature Name="Windows.Storage.Streams.DataReader.put_InputStreamOptions" />
          <AitFeature Name="Windows.Storage.Streams.DataReader.put_UnicodeEncoding" />
          <AitFeature Name="Windows.Storage.Streams.DataReaderLoadOperation" />
          <AitFeature Name="Windows.Storage.Streams.DataWriter" />
          <AitFeature Name="Windows.Storage.Streams.DataWriter..ctor" />
          <AitFeature Name="Windows.Storage.Streams.DataWriter.DetachStream" />
          <AitFeature Name="Windows.Storage.Streams.DataWriter.StoreAsync" />
          <AitFeature Name="Windows.Storage.Streams.DataWriter.WriteBuffer" />
          <AitFeature Name="Windows.Storage.Streams.DataWriter.WriteByte" />
          <AitFeature Name="Windows.Storage.Streams.DataWriter.WriteBytes" />
          <AitFeature Name="Windows.Storage.Streams.DataWriter.WriteUInt16" />
          <AitFeature Name="Windows.Storage.Streams.DataWriter.WriteUInt32" />
          <AitFeature Name="Windows.Storage.Streams.DataWriter.WriteUInt64" />
          <AitFeature Name="Windows.Storage.Streams.DataWriter.put_ByteOrder" />
          <AitFeature Name="Windows.Storage.Streams.DataWriter.put_UnicodeEncoding" />
          <AitFeature Name="Windows.Storage.Streams.DataWriterStoreOperation" />
          <AitFeature Name="Windows.Storage.Streams.IBuffer" />
          <AitFeature Name="Windows.Storage.Streams.IBuffer.get_Length" />
          <AitFeature Name="Windows.Storage.Streams.IInputStream" />
          <AitFeature Name="Windows.Storage.Streams.IOutputStream" />
          <AitFeature Name="Windows.Storage.Streams.IRandomAccessStream" />
          <AitFeature Name="Windows.Storage.Streams.IRandomAccessStream.GetOutputStreamAt" />
          <AitFeature Name="Windows.Storage.Streams.IRandomAccessStream.Seek" />
          <AitFeature Name="Windows.Storage.Streams.IRandomAccessStream.get_Position" />
          <AitFeature Name="Windows.Storage.Streams.IRandomAccessStream.get_Size" />
          <AitFeature Name="Windows.Storage.Streams.IRandomAccessStreamWithContentType" />
          <AitFeature Name="Windows.Storage.Streams.InMemoryRandomAccessStream" />
          <AitFeature Name="Windows.Storage.Streams.InMemoryRandomAccessStream..ctor" />
          <AitFeature Name="Windows.Storage.Streams.InMemoryRandomAccessStream.Seek" />
          <AitFeature Name="Windows.Storage.Streams.InMemoryRandomAccessStream.get_Size" />
          <AitFeature Name="Windows.Storage.Streams.InputStreamOptions" />
          <AitFeature Name="Windows.Storage.Streams.UnicodeEncoding" />
          <AitFeature Name="Windows.System.Launcher" />
          <AitFeature Name="Windows.System.Launcher.LaunchUriAsync" />
          <AitFeature Name="Windows.System.VirtualKey" />
          <AitFeature Name="Windows.System.Threading.ThreadPoolTimer" />
          <AitFeature Name="Windows.System.Threading.ThreadPoolTimer.Cancel" />
          <AitFeature Name="Windows.System.Threading.ThreadPoolTimer.CreateTimer" />
          <AitFeature Name="Windows.System.Threading.TimerElapsedHandler" />
          <AitFeature Name="Windows.System.Threading.TimerElapsedHandler..ctor" />
          <AitFeature Name="Windows.UI.Color" />
          <AitFeature Name="Windows.UI.Color.FromArgb" />
          <AitFeature Name="Windows.UI.Color.get_B" />
          <AitFeature Name="Windows.UI.Color.get_G" />
          <AitFeature Name="Windows.UI.Color.get_R" />
          <AitFeature Name="Windows.UI.Color.op_Inequality" />
          <AitFeature Name="Windows.UI.ApplicationSettings.SettingsCommand" />
          <AitFeature Name="Windows.UI.ApplicationSettings.SettingsCommand..ctor" />
          <AitFeature Name="Windows.UI.ApplicationSettings.SettingsPane" />
          <AitFeature Name="Windows.UI.ApplicationSettings.SettingsPane.GetForCurrentView" />
          <AitFeature Name="Windows.UI.ApplicationSettings.SettingsPane.Show" />
          <AitFeature Name="Windows.UI.ApplicationSettings.SettingsPane.add_CommandsRequested" />
          <AitFeature Name="Windows.UI.ApplicationSettings.SettingsPane.remove_CommandsRequested" />
          <AitFeature Name="Windows.UI.ApplicationSettings.SettingsPaneCommandsRequest" />
          <AitFeature Name="Windows.UI.ApplicationSettings.SettingsPaneCommandsRequest.get_ApplicationCommands" />
          <AitFeature Name="Windows.UI.ApplicationSettings.SettingsPaneCommandsRequestedEventArgs" />
          <AitFeature Name="Windows.UI.ApplicationSettings.SettingsPaneCommandsRequestedEventArgs.get_Request" />
          <AitFeature Name="Windows.UI.Core.AcceleratorKeyEventArgs" />
          <AitFeature Name="Windows.UI.Core.AcceleratorKeyEventArgs.get_EventType" />
          <AitFeature Name="Windows.UI.Core.AcceleratorKeyEventArgs.get_VirtualKey" />
          <AitFeature Name="Windows.UI.Core.AcceleratorKeyEventArgs.put_Handled" />
          <AitFeature Name="Windows.UI.Core.CoreAcceleratorKeyEventType" />
          <AitFeature Name="Windows.UI.Core.CoreDispatcher" />
          <AitFeature Name="Windows.UI.Core.CoreDispatcher.RunAsync" />
          <AitFeature Name="Windows.UI.Core.CoreDispatcher.add_AcceleratorKeyActivated" />
          <AitFeature Name="Windows.UI.Core.CoreDispatcher.remove_AcceleratorKeyActivated" />
          <AitFeature Name="Windows.UI.Core.CoreDispatcherPriority" />
          <AitFeature Name="Windows.UI.Core.CoreVirtualKeyStates" />
          <AitFeature Name="Windows.UI.Core.CoreWindow" />
          <AitFeature Name="Windows.UI.Core.CoreWindow.GetKeyState" />
          <AitFeature Name="Windows.UI.Core.CoreWindow.add_KeyDown" />
          <AitFeature Name="Windows.UI.Core.CoreWindow.add_PointerPressed" />
          <AitFeature Name="Windows.UI.Core.CoreWindow.get_Bounds" />
          <AitFeature Name="Windows.UI.Core.CoreWindow.get_Dispatcher" />
          <AitFeature Name="Windows.UI.Core.CoreWindow.remove_KeyDown" />
          <AitFeature Name="Windows.UI.Core.CoreWindow.remove_PointerPressed" />
          <AitFeature Name="Windows.UI.Core.DispatchedHandler" />
          <AitFeature Name="Windows.UI.Core.DispatchedHandler..ctor" />
          <AitFeature Name="Windows.UI.Core.KeyEventArgs" />
          <AitFeature Name="Windows.UI.Core.KeyEventArgs.get_VirtualKey" />
          <AitFeature Name="Windows.UI.Core.PointerEventArgs" />
          <AitFeature Name="Windows.UI.Core.PointerEventArgs.get_CurrentPoint" />
          <AitFeature Name="Windows.UI.Core.PointerEventArgs.put_Handled" />
          <AitFeature Name="Windows.UI.Core.WindowSizeChangedEventArgs" />
          <AitFeature Name="Windows.UI.Input.PointerPoint" />
          <AitFeature Name="Windows.UI.Input.PointerPoint.get_Properties" />
          <AitFeature Name="Windows.UI.Input.PointerPointProperties" />
          <AitFeature Name="Windows.UI.Input.PointerPointProperties.get_IsLeftButtonPressed" />
          <AitFeature Name="Windows.UI.Input.PointerPointProperties.get_IsMiddleButtonPressed" />
          <AitFeature Name="Windows.UI.Input.PointerPointProperties.get_IsRightButtonPressed" />
          <AitFeature Name="Windows.UI.Input.PointerPointProperties.get_IsXButton1Pressed" />
          <AitFeature Name="Windows.UI.Input.PointerPointProperties.get_IsXButton2Pressed" />
          <AitFeature Name="Windows.UI.Popups.IUICommand" />
          <AitFeature Name="Windows.UI.Popups.MessageDialog" />
          <AitFeature Name="Windows.UI.Popups.MessageDialog..ctor" />
          <AitFeature Name="Windows.UI.Popups.MessageDialog.ShowAsync" />
          <AitFeature Name="Windows.UI.Popups.MessageDialog.get_Commands" />
          <AitFeature Name="Windows.UI.Popups.MessageDialog.put_CancelCommandIndex" />
          <AitFeature Name="Windows.UI.Popups.MessageDialog.put_DefaultCommandIndex" />
          <AitFeature Name="Windows.UI.Popups.MessageDialog.put_Options" />
          <AitFeature Name="Windows.UI.Popups.MessageDialogOptions" />
          <AitFeature Name="Windows.UI.Popups.UICommand" />
          <AitFeature Name="Windows.UI.Popups.UICommand..ctor" />
          <AitFeature Name="Windows.UI.Popups.UICommandInvokedHandler" />
          <AitFeature Name="Windows.UI.Popups.UICommandInvokedHandler..ctor" />
          <AitFeature Name="Windows.UI.Text.FontWeight" />
          <AitFeature Name="Windows.UI.Text.FontWeights" />
          <AitFeature Name="Windows.UI.Text.FontWeights.get_Bold" />
          <AitFeature Name="Windows.UI.ViewManagement.ApplicationView" />
          <AitFeature Name="Windows.UI.ViewManagement.ApplicationView.TryUnsnap" />
          <AitFeature Name="Windows.UI.ViewManagement.ApplicationView.get_Value" />
          <AitFeature Name="Windows.UI.ViewManagement.ApplicationViewState" />
          <AitFeature Name="Windows.UI.Xaml.Application" />
          <AitFeature Name="Windows.UI.Xaml.Application..ctor" />
          <AitFeature Name="Windows.UI.Xaml.Application.LoadComponent" />
          <AitFeature Name="Windows.UI.Xaml.Application.Start" />
          <AitFeature Name="Windows.UI.Xaml.Application.add_Suspending" />
          <AitFeature Name="Windows.UI.Xaml.Application.get_Current" />
          <AitFeature Name="Windows.UI.Xaml.Application.get_Resources" />
          <AitFeature Name="Windows.UI.Xaml.Application.remove_Suspending" />
          <AitFeature Name="Windows.UI.Xaml.ApplicationInitializationCallback" />
          <AitFeature Name="Windows.UI.Xaml.ApplicationInitializationCallback..ctor" />
          <AitFeature Name="Windows.UI.Xaml.ApplicationInitializationCallbackParams" />
          <AitFeature Name="Windows.UI.Xaml.CreateDefaultValueCallback" />
          <AitFeature Name="Windows.UI.Xaml.CreateDefaultValueCallback..ctor" />
          <AitFeature Name="Windows.UI.Xaml.DataTemplate" />
          <AitFeature Name="Windows.UI.Xaml.DataTemplate.LoadContent" />
          <AitFeature Name="Windows.UI.Xaml.DependencyObject" />
          <AitFeature Name="Windows.UI.Xaml.DependencyObject.ClearValue" />
          <AitFeature Name="Windows.UI.Xaml.DependencyObject.GetValue" />
          <AitFeature Name="Windows.UI.Xaml.DependencyObject.SetValue" />
          <AitFeature Name="Windows.UI.Xaml.DependencyObject.get_Dispatcher" />
          <AitFeature Name="Windows.UI.Xaml.DependencyProperty" />
          <AitFeature Name="Windows.UI.Xaml.DependencyProperty.Register" />
          <AitFeature Name="Windows.UI.Xaml.DependencyProperty.RegisterAttached" />
          <AitFeature Name="Windows.UI.Xaml.DependencyPropertyChangedEventArgs" />
          <AitFeature Name="Windows.UI.Xaml.DependencyPropertyChangedEventArgs.get_NewValue" />
          <AitFeature Name="Windows.UI.Xaml.DependencyPropertyChangedEventArgs.get_OldValue" />
          <AitFeature Name="Windows.UI.Xaml.Duration" />
          <AitFeature Name="Windows.UI.Xaml.Duration..ctor" />
          <AitFeature Name="Windows.UI.Xaml.FocusState" />
          <AitFeature Name="Windows.UI.Xaml.FrameworkElement" />
          <AitFeature Name="Windows.UI.Xaml.FrameworkElement.FindName" />
          <AitFeature Name="Windows.UI.Xaml.FrameworkElement.OnApplyTemplate" />
          <AitFeature Name="Windows.UI.Xaml.FrameworkElement.SetBinding" />
          <AitFeature Name="Windows.UI.Xaml.FrameworkElement.add_Loaded" />
          <AitFeature Name="Windows.UI.Xaml.FrameworkElement.add_SizeChanged" />
          <AitFeature Name="Windows.UI.Xaml.FrameworkElement.add_Unloaded" />
          <AitFeature Name="Windows.UI.Xaml.FrameworkElement.get_ActualHeight" />
          <AitFeature Name="Windows.UI.Xaml.FrameworkElement.get_ActualWidth" />
          <AitFeature Name="Windows.UI.Xaml.FrameworkElement.get_DataContext" />
          <AitFeature Name="Windows.UI.Xaml.FrameworkElement.get_Height" />
          <AitFeature Name="Windows.UI.Xaml.FrameworkElement.get_Name" />
          <AitFeature Name="Windows.UI.Xaml.FrameworkElement.get_StyleProperty" />
          <AitFeature Name="Windows.UI.Xaml.FrameworkElement.get_Width" />
          <AitFeature Name="Windows.UI.Xaml.FrameworkElement.put_DataContext" />
          <AitFeature Name="Windows.UI.Xaml.FrameworkElement.put_Height" />
          <AitFeature Name="Windows.UI.Xaml.FrameworkElement.put_HorizontalAlignment" />
          <AitFeature Name="Windows.UI.Xaml.FrameworkElement.put_Margin" />
          <AitFeature Name="Windows.UI.Xaml.FrameworkElement.put_MaxHeight" />
          <AitFeature Name="Windows.UI.Xaml.FrameworkElement.put_Name" />
          <AitFeature Name="Windows.UI.Xaml.FrameworkElement.put_Style" />
          <AitFeature Name="Windows.UI.Xaml.FrameworkElement.put_Width" />
          <AitFeature Name="Windows.UI.Xaml.FrameworkElement.remove_Loaded" />
          <AitFeature Name="Windows.UI.Xaml.FrameworkElement.remove_SizeChanged" />
          <AitFeature Name="Windows.UI.Xaml.FrameworkElement.remove_Unloaded" />
          <AitFeature Name="Windows.UI.Xaml.GridLength" />
          <AitFeature Name="Windows.UI.Xaml.GridLength..ctor" />
          <AitFeature Name="Windows.UI.Xaml.GridLength.get_Value" />
          <AitFeature Name="Windows.UI.Xaml.HorizontalAlignment" />
          <AitFeature Name="Windows.UI.Xaml.PropertyChangedCallback" />
          <AitFeature Name="Windows.UI.Xaml.PropertyChangedCallback..ctor" />
          <AitFeature Name="Windows.UI.Xaml.PropertyMetadata" />
          <AitFeature Name="Windows.UI.Xaml.PropertyMetadata..ctor" />
          <AitFeature Name="Windows.UI.Xaml.PropertyMetadata.Create" />
          <AitFeature Name="Windows.UI.Xaml.PropertyPath" />
          <AitFeature Name="Windows.UI.Xaml.PropertyPath..ctor" />
          <AitFeature Name="Windows.UI.Xaml.ResourceDictionary" />
          <AitFeature Name="Windows.UI.Xaml.RoutedEvent" />
          <AitFeature Name="Windows.UI.Xaml.RoutedEventArgs" />
          <AitFeature Name="Windows.UI.Xaml.RoutedEventArgs..ctor" />
          <AitFeature Name="Windows.UI.Xaml.RoutedEventHandler" />
          <AitFeature Name="Windows.UI.Xaml.RoutedEventHandler..ctor" />
          <AitFeature Name="Windows.UI.Xaml.Setter" />
          <AitFeature Name="Windows.UI.Xaml.Setter..ctor" />
          <AitFeature Name="Windows.UI.Xaml.SetterBase" />
          <AitFeature Name="Windows.UI.Xaml.SetterBaseCollection" />
          <AitFeature Name="Windows.UI.Xaml.SizeChangedEventArgs" />
          <AitFeature Name="Windows.UI.Xaml.SizeChangedEventHandler" />
          <AitFeature Name="Windows.UI.Xaml.SizeChangedEventHandler..ctor" />
          <AitFeature Name="Windows.UI.Xaml.Style" />
          <AitFeature Name="Windows.UI.Xaml.Style..ctor" />
          <AitFeature Name="Windows.UI.Xaml.Style.get_Setters" />
          <AitFeature Name="Windows.UI.Xaml.Style.put_BasedOn" />
          <AitFeature Name="Windows.UI.Xaml.SuspendingEventHandler" />
          <AitFeature Name="Windows.UI.Xaml.SuspendingEventHandler..ctor" />
          <AitFeature Name="Windows.UI.Xaml.TextWrapping" />
          <AitFeature Name="Windows.UI.Xaml.Thickness" />
          <AitFeature Name="Windows.UI.Xaml.Thickness..ctor" />
          <AitFeature Name="Windows.UI.Xaml.UIElement" />
          <AitFeature Name="Windows.UI.Xaml.UIElement.AddHandler" />
          <AitFeature Name="Windows.UI.Xaml.UIElement.Arrange" />
          <AitFeature Name="Windows.UI.Xaml.UIElement.InvalidateMeasure" />
          <AitFeature Name="Windows.UI.Xaml.UIElement.Measure" />
          <AitFeature Name="Windows.UI.Xaml.UIElement.TransformToVisual" />
          <AitFeature Name="Windows.UI.Xaml.UIElement.add_GotFocus" />
          <AitFeature Name="Windows.UI.Xaml.UIElement.add_KeyUp" />
          <AitFeature Name="Windows.UI.Xaml.UIElement.add_LostFocus" />
          <AitFeature Name="Windows.UI.Xaml.UIElement.get_DesiredSize" />
          <AitFeature Name="Windows.UI.Xaml.UIElement.get_KeyDownEvent" />
          <AitFeature Name="Windows.UI.Xaml.UIElement.get_PointerMovedEvent" />
          <AitFeature Name="Windows.UI.Xaml.UIElement.get_PointerPressedEvent" />
          <AitFeature Name="Windows.UI.Xaml.UIElement.get_TransitionsProperty" />
          <AitFeature Name="Windows.UI.Xaml.UIElement.put_Visibility" />
          <AitFeature Name="Windows.UI.Xaml.UIElement.remove_GotFocus" />
          <AitFeature Name="Windows.UI.Xaml.UIElement.remove_KeyUp" />
          <AitFeature Name="Windows.UI.Xaml.UIElement.remove_LostFocus" />
          <AitFeature Name="Windows.UI.Xaml.Visibility" />
          <AitFeature Name="Windows.UI.Xaml.VisualState" />
          <AitFeature Name="Windows.UI.Xaml.VisualStateGroup" />
          <AitFeature Name="Windows.UI.Xaml.VisualStateManager" />
          <AitFeature Name="Windows.UI.Xaml.VisualStateManager.GoToState" />
          <AitFeature Name="Windows.UI.Xaml.Window" />
          <AitFeature Name="Windows.UI.Xaml.Window.Activate" />
          <AitFeature Name="Windows.UI.Xaml.Window.add_SizeChanged" />
          <AitFeature Name="Windows.UI.Xaml.Window.get_Bounds" />
          <AitFeature Name="Windows.UI.Xaml.Window.get_Content" />
          <AitFeature Name="Windows.UI.Xaml.Window.get_CoreWindow" />
          <AitFeature Name="Windows.UI.Xaml.Window.get_Current" />
          <AitFeature Name="Windows.UI.Xaml.Window.put_Content" />
          <AitFeature Name="Windows.UI.Xaml.Window.remove_SizeChanged" />
          <AitFeature Name="Windows.UI.Xaml.WindowSizeChangedEventHandler" />
          <AitFeature Name="Windows.UI.Xaml.WindowSizeChangedEventHandler..ctor" />
          <AitFeature Name="Windows.UI.Xaml.Automation.AutomationProperties" />
          <AitFeature Name="Windows.UI.Xaml.Automation.AutomationProperties.get_AutomationIdProperty" />
          <AitFeature Name="Windows.UI.Xaml.Automation.AutomationProperties.get_NameProperty" />
          <AitFeature Name="Windows.UI.Xaml.Controls.AppBar" />
          <AitFeature Name="Windows.UI.Xaml.Controls.AppBar.get_IsOpen" />
          <AitFeature Name="Windows.UI.Xaml.Controls.AppBar.put_IsOpen" />
          <AitFeature Name="Windows.UI.Xaml.Controls.AppBar.put_IsSticky" />
          <AitFeature Name="Windows.UI.Xaml.Controls.Border" />
          <AitFeature Name="Windows.UI.Xaml.Controls.Border..ctor" />
          <AitFeature Name="Windows.UI.Xaml.Controls.Border.put_Background" />
          <AitFeature Name="Windows.UI.Xaml.Controls.Border.put_BorderBrush" />
          <AitFeature Name="Windows.UI.Xaml.Controls.Border.put_BorderThickness" />
          <AitFeature Name="Windows.UI.Xaml.Controls.Border.put_Child" />
          <AitFeature Name="Windows.UI.Xaml.Controls.Border.put_Padding" />
          <AitFeature Name="Windows.UI.Xaml.Controls.Button" />
          <AitFeature Name="Windows.UI.Xaml.Controls.Button..ctor" />
          <AitFeature Name="Windows.UI.Xaml.Controls.CheckBox" />
          <AitFeature Name="Windows.UI.Xaml.Controls.CheckBox..ctor" />
          <AitFeature Name="Windows.UI.Xaml.Controls.ColumnDefinition" />
          <AitFeature Name="Windows.UI.Xaml.Controls.ColumnDefinition.get_Width" />
          <AitFeature Name="Windows.UI.Xaml.Controls.ComboBox" />
          <AitFeature Name="Windows.UI.Xaml.Controls.ContentControl" />
          <AitFeature Name="Windows.UI.Xaml.Controls.ContentControl..ctor" />
          <AitFeature Name="Windows.UI.Xaml.Controls.ContentControl.get_Content" />
          <AitFeature Name="Windows.UI.Xaml.Controls.ContentControl.get_ContentProperty" />
          <AitFeature Name="Windows.UI.Xaml.Controls.ContentControl.put_Content" />
          <AitFeature Name="Windows.UI.Xaml.Controls.Control" />
          <AitFeature Name="Windows.UI.Xaml.Controls.Control.Focus" />
          <AitFeature Name="Windows.UI.Xaml.Controls.Control.GetTemplateChild" />
          <AitFeature Name="Windows.UI.Xaml.Controls.Control.get_Background" />
          <AitFeature Name="Windows.UI.Xaml.Controls.Control.get_FocusState" />
          <AitFeature Name="Windows.UI.Xaml.Controls.Control.get_FontWeightProperty" />
          <AitFeature Name="Windows.UI.Xaml.Controls.Control.put_BorderThickness" />
          <AitFeature Name="Windows.UI.Xaml.Controls.Control.put_DefaultStyleKey" />
          <AitFeature Name="Windows.UI.Xaml.Controls.Control.put_FontWeight" />
          <AitFeature Name="Windows.UI.Xaml.Controls.Control.put_IsEnabled" />
          <AitFeature Name="Windows.UI.Xaml.Controls.DataTemplateSelector" />
          <AitFeature Name="Windows.UI.Xaml.Controls.DataTemplateSelector..ctor" />
          <AitFeature Name="Windows.UI.Xaml.Controls.Frame" />
          <AitFeature Name="Windows.UI.Xaml.Controls.Frame..ctor" />
          <AitFeature Name="Windows.UI.Xaml.Controls.Frame.GetNavigationState" />
          <AitFeature Name="Windows.UI.Xaml.Controls.Frame.GoBack" />
          <AitFeature Name="Windows.UI.Xaml.Controls.Frame.GoForward" />
          <AitFeature Name="Windows.UI.Xaml.Controls.Frame.Navigate" />
          <AitFeature Name="Windows.UI.Xaml.Controls.Frame.SetNavigationState" />
          <AitFeature Name="Windows.UI.Xaml.Controls.Frame.add_Navigated" />
          <AitFeature Name="Windows.UI.Xaml.Controls.Frame.get_BackStackDepth" />
          <AitFeature Name="Windows.UI.Xaml.Controls.Frame.get_CanGoBack" />
          <AitFeature Name="Windows.UI.Xaml.Controls.Frame.get_CanGoForward" />
          <AitFeature Name="Windows.UI.Xaml.Controls.Frame.remove_Navigated" />
          <AitFeature Name="Windows.UI.Xaml.Controls.Grid" />
          <AitFeature Name="Windows.UI.Xaml.Controls.GridView" />
          <AitFeature Name="Windows.UI.Xaml.Controls.GridView..ctor" />
          <AitFeature Name="Windows.UI.Xaml.Controls.GridViewItem" />
          <AitFeature Name="Windows.UI.Xaml.Controls.INavigate" />
          <AitFeature Name="Windows.UI.Xaml.Controls.ItemClickEventArgs" />
          <AitFeature Name="Windows.UI.Xaml.Controls.ItemClickEventArgs.get_ClickedItem" />
          <AitFeature Name="Windows.UI.Xaml.Controls.ItemClickEventHandler" />
          <AitFeature Name="Windows.UI.Xaml.Controls.ItemClickEventHandler..ctor" />
          <AitFeature Name="Windows.UI.Xaml.Controls.ItemCollection" />
          <AitFeature Name="Windows.UI.Xaml.Controls.ItemContainerGenerator" />
          <AitFeature Name="Windows.UI.Xaml.Controls.ItemContainerGenerator.ContainerFromItem" />
          <AitFeature Name="Windows.UI.Xaml.Controls.ItemsControl" />
          <AitFeature Name="Windows.UI.Xaml.Controls.ItemsControl.PrepareContainerForItemOverride" />
          <AitFeature Name="Windows.UI.Xaml.Controls.ItemsControl.get_ItemContainerGenerator" />
          <AitFeature Name="Windows.UI.Xaml.Controls.ItemsControl.get_Items" />
          <AitFeature Name="Windows.UI.Xaml.Controls.ItemsControl.put_ItemsSource" />
          <AitFeature Name="Windows.UI.Xaml.Controls.ListView" />
          <AitFeature Name="Windows.UI.Xaml.Controls.ListViewBase" />
          <AitFeature Name="Windows.UI.Xaml.Controls.ListViewBase.add_ItemClick" />
          <AitFeature Name="Windows.UI.Xaml.Controls.ListViewBase.get_SelectedItems" />
          <AitFeature Name="Windows.UI.Xaml.Controls.ListViewBase.put_IsSwipeEnabled" />
          <AitFeature Name="Windows.UI.Xaml.Controls.ListViewBase.put_SelectionMode" />
          <AitFeature Name="Windows.UI.Xaml.Controls.ListViewBase.remove_ItemClick" />
          <AitFeature Name="Windows.UI.Xaml.Controls.ListViewSelectionMode" />
          <AitFeature Name="Windows.UI.Xaml.Controls.Orientation" />
          <AitFeature Name="Windows.UI.Xaml.Controls.Page" />
          <AitFeature Name="Windows.UI.Xaml.Controls.Page..ctor" />
          <AitFeature Name="Windows.UI.Xaml.Controls.Page.get_BottomAppBar" />
          <AitFeature Name="Windows.UI.Xaml.Controls.Page.get_Frame" />
          <AitFeature Name="Windows.UI.Xaml.Controls.Page.put_BottomAppBar" />
          <AitFeature Name="Windows.UI.Xaml.Controls.Panel" />
          <AitFeature Name="Windows.UI.Xaml.Controls.Panel..ctor" />
          <AitFeature Name="Windows.UI.Xaml.Controls.Panel.get_Children" />
          <AitFeature Name="Windows.UI.Xaml.Controls.Panel.put_Background" />
          <AitFeature Name="Windows.UI.Xaml.Controls.PasswordBox" />
          <AitFeature Name="Windows.UI.Xaml.Controls.ProgressBar" />
          <AitFeature Name="Windows.UI.Xaml.Controls.ProgressRing" />
          <AitFeature Name="Windows.UI.Xaml.Controls.RichTextBlock" />
          <AitFeature Name="Windows.UI.Xaml.Controls.RichTextBlock.get_HasOverflowContent" />
          <AitFeature Name="Windows.UI.Xaml.Controls.RichTextBlock.put_OverflowContentTarget" />
          <AitFeature Name="Windows.UI.Xaml.Controls.RichTextBlockOverflow" />
          <AitFeature Name="Windows.UI.Xaml.Controls.RichTextBlockOverflow.get_HasOverflowContent" />
          <AitFeature Name="Windows.UI.Xaml.Controls.RichTextBlockOverflow.put_OverflowContentTarget" />
          <AitFeature Name="Windows.UI.Xaml.Controls.RowDefinition" />
          <AitFeature Name="Windows.UI.Xaml.Controls.ScrollBarVisibility" />
          <AitFeature Name="Windows.UI.Xaml.Controls.ScrollMode" />
          <AitFeature Name="Windows.UI.Xaml.Controls.ScrollViewer" />
          <AitFeature Name="Windows.UI.Xaml.Controls.ScrollViewer.ScrollToHorizontalOffset" />
          <AitFeature Name="Windows.UI.Xaml.Controls.ScrollViewer.ScrollToVerticalOffset" />
          <AitFeature Name="Windows.UI.Xaml.Controls.ScrollViewer.get_HorizontalOffset" />
          <AitFeature Name="Windows.UI.Xaml.Controls.ScrollViewer.get_VerticalOffset" />
          <AitFeature Name="Windows.UI.Xaml.Controls.ScrollViewer.get_VerticalScrollBarVisibilityProperty" />
          <AitFeature Name="Windows.UI.Xaml.Controls.ScrollViewer.get_VerticalScrollModeProperty" />
          <AitFeature Name="Windows.UI.Xaml.Controls.SelectionChangedEventArgs" />
          <AitFeature Name="Windows.UI.Xaml.Controls.SelectionChangedEventArgs.get_AddedItems" />
          <AitFeature Name="Windows.UI.Xaml.Controls.SelectionChangedEventHandler" />
          <AitFeature Name="Windows.UI.Xaml.Controls.SelectionChangedEventHandler..ctor" />
          <AitFeature Name="Windows.UI.Xaml.Controls.StackPanel" />
          <AitFeature Name="Windows.UI.Xaml.Controls.StackPanel..ctor" />
          <AitFeature Name="Windows.UI.Xaml.Controls.StackPanel.put_Orientation" />
          <AitFeature Name="Windows.UI.Xaml.Controls.TextBlock" />
          <AitFeature Name="Windows.UI.Xaml.Controls.TextBlock..ctor" />
          <AitFeature Name="Windows.UI.Xaml.Controls.TextBlock.put_Text" />
          <AitFeature Name="Windows.UI.Xaml.Controls.TextBox" />
          <AitFeature Name="Windows.UI.Xaml.Controls.TextBox..ctor" />
          <AitFeature Name="Windows.UI.Xaml.Controls.TextBox.add_TextChanged" />
          <AitFeature Name="Windows.UI.Xaml.Controls.TextBox.get_SelectionLength" />
          <AitFeature Name="Windows.UI.Xaml.Controls.TextBox.get_SelectionStart" />
          <AitFeature Name="Windows.UI.Xaml.Controls.TextBox.get_Text" />
          <AitFeature Name="Windows.UI.Xaml.Controls.TextBox.get_TextProperty" />
          <AitFeature Name="Windows.UI.Xaml.Controls.TextBox.put_AcceptsReturn" />
          <AitFeature Name="Windows.UI.Xaml.Controls.TextBox.put_SelectionLength" />
          <AitFeature Name="Windows.UI.Xaml.Controls.TextBox.put_SelectionStart" />
          <AitFeature Name="Windows.UI.Xaml.Controls.TextBox.put_Text" />
          <AitFeature Name="Windows.UI.Xaml.Controls.TextBox.put_TextWrapping" />
          <AitFeature Name="Windows.UI.Xaml.Controls.TextBox.remove_TextChanged" />
          <AitFeature Name="Windows.UI.Xaml.Controls.TextChangedEventArgs" />
          <AitFeature Name="Windows.UI.Xaml.Controls.TextChangedEventHandler" />
          <AitFeature Name="Windows.UI.Xaml.Controls.TextChangedEventHandler..ctor" />
          <AitFeature Name="Windows.UI.Xaml.Controls.ToggleSwitch" />
          <AitFeature Name="Windows.UI.Xaml.Controls.UIElementCollection" />
          <AitFeature Name="Windows.UI.Xaml.Controls.UserControl" />
          <AitFeature Name="Windows.UI.Xaml.Controls.UserControl..ctor" />
          <AitFeature Name="Windows.UI.Xaml.Controls.VariableSizedWrapGrid" />
          <AitFeature Name="Windows.UI.Xaml.Controls.VariableSizedWrapGrid.get_ColumnSpanProperty" />
          <AitFeature Name="Windows.UI.Xaml.Controls.VariableSizedWrapGrid.get_RowSpanProperty" />
          <AitFeature Name="Windows.UI.Xaml.Controls.Primitives.ButtonBase" />
          <AitFeature Name="Windows.UI.Xaml.Controls.Primitives.ButtonBase.add_Click" />
          <AitFeature Name="Windows.UI.Xaml.Controls.Primitives.ButtonBase.remove_Click" />
          <AitFeature Name="Windows.UI.Xaml.Controls.Primitives.ComponentResourceLocation" />
          <AitFeature Name="Windows.UI.Xaml.Controls.Primitives.Popup" />
          <AitFeature Name="Windows.UI.Xaml.Controls.Primitives.Popup..ctor" />
          <AitFeature Name="Windows.UI.Xaml.Controls.Primitives.Popup.add_Opened" />
          <AitFeature Name="Windows.UI.Xaml.Controls.Primitives.Popup.get_Child" />
          <AitFeature Name="Windows.UI.Xaml.Controls.Primitives.Popup.put_Child" />
          <AitFeature Name="Windows.UI.Xaml.Controls.Primitives.Popup.put_HorizontalOffset" />
          <AitFeature Name="Windows.UI.Xaml.Controls.Primitives.Popup.put_IsLightDismissEnabled" />
          <AitFeature Name="Windows.UI.Xaml.Controls.Primitives.Popup.put_IsOpen" />
          <AitFeature Name="Windows.UI.Xaml.Controls.Primitives.Popup.put_VerticalOffset" />
          <AitFeature Name="Windows.UI.Xaml.Controls.Primitives.Popup.remove_Opened" />
          <AitFeature Name="Windows.UI.Xaml.Controls.Primitives.Selector" />
          <AitFeature Name="Windows.UI.Xaml.Controls.Primitives.Selector.add_SelectionChanged" />
          <AitFeature Name="Windows.UI.Xaml.Controls.Primitives.Selector.get_SelectedIndex" />
          <AitFeature Name="Windows.UI.Xaml.Controls.Primitives.Selector.get_SelectedItem" />
          <AitFeature Name="Windows.UI.Xaml.Controls.Primitives.Selector.put_SelectedItem" />
          <AitFeature Name="Windows.UI.Xaml.Controls.Primitives.Selector.remove_SelectionChanged" />
          <AitFeature Name="Windows.UI.Xaml.Controls.Primitives.ToggleButton" />
          <AitFeature Name="Windows.UI.Xaml.Controls.Primitives.ToggleButton.add_Checked" />
          <AitFeature Name="Windows.UI.Xaml.Controls.Primitives.ToggleButton.get_IsCheckedProperty" />
          <AitFeature Name="Windows.UI.Xaml.Controls.Primitives.ToggleButton.remove_Checked" />
          <AitFeature Name="Windows.UI.Xaml.Data.Binding" />
          <AitFeature Name="Windows.UI.Xaml.Data.Binding..ctor" />
          <AitFeature Name="Windows.UI.Xaml.Data.Binding.put_Converter" />
          <AitFeature Name="Windows.UI.Xaml.Data.Binding.put_Mode" />
          <AitFeature Name="Windows.UI.Xaml.Data.Binding.put_Path" />
          <AitFeature Name="Windows.UI.Xaml.Data.BindingBase" />
          <AitFeature Name="Windows.UI.Xaml.Data.BindingMode" />
          <AitFeature Name="Windows.UI.Xaml.Data.CollectionViewSource" />
          <AitFeature Name="Windows.UI.Xaml.Data.CollectionViewSource.get_View" />
          <AitFeature Name="Windows.UI.Xaml.Data.ICollectionView" />
          <AitFeature Name="Windows.UI.Xaml.Data.ICollectionView.MoveCurrentTo" />
          <AitFeature Name="Windows.UI.Xaml.Data.ICollectionView.MoveCurrentToFirst" />
          <AitFeature Name="Windows.UI.Xaml.Data.ICollectionView.get_CurrentItem" />
          <AitFeature Name="Windows.UI.Xaml.Data.IValueConverter" />
          <AitFeature Name="Windows.UI.Xaml.Data.IValueConverter.Convert" />
          <AitFeature Name="Windows.UI.Xaml.Input.KeyEventHandler" />
          <AitFeature Name="Windows.UI.Xaml.Input.KeyEventHandler..ctor" />
          <AitFeature Name="Windows.UI.Xaml.Input.KeyRoutedEventArgs" />
          <AitFeature Name="Windows.UI.Xaml.Input.KeyRoutedEventArgs.get_Key" />
          <AitFeature Name="Windows.UI.Xaml.Input.KeyRoutedEventArgs.put_Handled" />
          <AitFeature Name="Windows.UI.Xaml.Input.PointerEventHandler" />
          <AitFeature Name="Windows.UI.Xaml.Input.PointerEventHandler..ctor" />
          <AitFeature Name="Windows.UI.Xaml.Input.PointerRoutedEventArgs" />
          <AitFeature Name="Windows.UI.Xaml.Markup.ContentPropertyAttribute" />
          <AitFeature Name="Windows.UI.Xaml.Markup.ContentPropertyAttribute..ctor" />
          <AitFeature Name="Windows.UI.Xaml.Markup.IComponentConnector" />
          <AitFeature Name="Windows.UI.Xaml.Markup.IXamlMember" />
          <AitFeature Name="Windows.UI.Xaml.Markup.IXamlMetadataProvider" />
          <AitFeature Name="Windows.UI.Xaml.Markup.IXamlType" />
          <AitFeature Name="Windows.UI.Xaml.Markup.XmlnsDefinition" />
          <AitFeature Name="Windows.UI.Xaml.Media.Brush" />
          <AitFeature Name="Windows.UI.Xaml.Media.GeneralTransform" />
          <AitFeature Name="Windows.UI.Xaml.Media.GeneralTransform.TransformPoint" />
          <AitFeature Name="Windows.UI.Xaml.Media.SolidColorBrush" />
          <AitFeature Name="Windows.UI.Xaml.Media.SolidColorBrush..ctor" />
          <AitFeature Name="Windows.UI.Xaml.Media.VisualTreeHelper" />
          <AitFeature Name="Windows.UI.Xaml.Media.VisualTreeHelper.GetChild" />
          <AitFeature Name="Windows.UI.Xaml.Media.VisualTreeHelper.GetChildrenCount" />
          <AitFeature Name="Windows.UI.Xaml.Media.VisualTreeHelper.GetParent" />
          <AitFeature Name="Windows.UI.Xaml.Media.Animation.CubicEase" />
          <AitFeature Name="Windows.UI.Xaml.Media.Animation.CubicEase..ctor" />
          <AitFeature Name="Windows.UI.Xaml.Media.Animation.DoubleAnimation" />
          <AitFeature Name="Windows.UI.Xaml.Media.Animation.DoubleAnimation..ctor" />
          <AitFeature Name="Windows.UI.Xaml.Media.Animation.DoubleAnimation.put_EasingFunction" />
          <AitFeature Name="Windows.UI.Xaml.Media.Animation.DoubleAnimation.put_EnableDependentAnimation" />
          <AitFeature Name="Windows.UI.Xaml.Media.Animation.DoubleAnimation.put_From" />
          <AitFeature Name="Windows.UI.Xaml.Media.Animation.DoubleAnimation.put_To" />
          <AitFeature Name="Windows.UI.Xaml.Media.Animation.EasingFunctionBase" />
          <AitFeature Name="Windows.UI.Xaml.Media.Animation.EasingFunctionBase.put_EasingMode" />
          <AitFeature Name="Windows.UI.Xaml.Media.Animation.EasingMode" />
          <AitFeature Name="Windows.UI.Xaml.Media.Animation.EntranceThemeTransition" />
          <AitFeature Name="Windows.UI.Xaml.Media.Animation.EntranceThemeTransition..ctor" />
          <AitFeature Name="Windows.UI.Xaml.Media.Animation.FillBehavior" />
          <AitFeature Name="Windows.UI.Xaml.Media.Animation.Storyboard" />
          <AitFeature Name="Windows.UI.Xaml.Media.Animation.Storyboard..ctor" />
          <AitFeature Name="Windows.UI.Xaml.Media.Animation.Storyboard.Begin" />
          <AitFeature Name="Windows.UI.Xaml.Media.Animation.Storyboard.SetTarget" />
          <AitFeature Name="Windows.UI.Xaml.Media.Animation.Storyboard.SetTargetProperty" />
          <AitFeature Name="Windows.UI.Xaml.Media.Animation.Storyboard.SkipToFill" />
          <AitFeature Name="Windows.UI.Xaml.Media.Animation.Storyboard.Stop" />
          <AitFeature Name="Windows.UI.Xaml.Media.Animation.Storyboard.get_Children" />
          <AitFeature Name="Windows.UI.Xaml.Media.Animation.Timeline" />
          <AitFeature Name="Windows.UI.Xaml.Media.Animation.Timeline.add_Completed" />
          <AitFeature Name="Windows.UI.Xaml.Media.Animation.Timeline.put_Duration" />
          <AitFeature Name="Windows.UI.Xaml.Media.Animation.Timeline.put_FillBehavior" />
          <AitFeature Name="Windows.UI.Xaml.Media.Animation.Timeline.remove_Completed" />
          <AitFeature Name="Windows.UI.Xaml.Media.Animation.TimelineCollection" />
          <AitFeature Name="Windows.UI.Xaml.Media.Animation.Transition" />
          <AitFeature Name="Windows.UI.Xaml.Media.Animation.TransitionCollection" />
          <AitFeature Name="Windows.UI.Xaml.Media.Animation.TransitionCollection..ctor" />
          <AitFeature Name="Windows.UI.Xaml.Navigation.NavigatedEventHandler" />
          <AitFeature Name="Windows.UI.Xaml.Navigation.NavigatedEventHandler..ctor" />
          <AitFeature Name="Windows.UI.Xaml.Navigation.NavigationEventArgs" />
          <AitFeature Name="Windows.UI.Xaml.Navigation.NavigationEventArgs.get_NavigationMode" />
          <AitFeature Name="Windows.UI.Xaml.Navigation.NavigationEventArgs.get_Parameter" />
          <AitFeature Name="Windows.UI.Xaml.Navigation.NavigationMode" />
        </AitCategory>
      </AitFile>
    </AitStaticAnalysis>
  </DEPENDENCY_INFORMATION>
</REPORT>